{
  "HomePageHTTP Request" : {
    "transaction" : "HomePageHTTP Request",
    "sampleCount" : 5,
    "errorCount" : 0,
    "errorPct" : 0.0,
    "meanResTime" : 2478.6,
    "minResTime" : 2019.0,
    "maxResTime" : 3355.0,
    "pct1ResTime" : 3355.0,
    "pct2ResTime" : 3355.0,
    "pct3ResTime" : 3355.0,
    "throughput" : 1.363884342607747,
    "receivedKBytesPerSec" : 73.61379270662847,
    "sentKBytesPerSec" : 0.15983019639934534
  },
  "AboutPageHTTP Request" : {
    "transaction" : "AboutPageHTTP Request",
    "sampleCount" : 5,
    "errorCount" : 0,
    "errorPct" : 0.0,
    "meanResTime" : 3296.6,
    "minResTime" : 2882.0,
    "maxResTime" : 4348.0,
    "pct1ResTime" : 4348.0,
    "pct2ResTime" : 4348.0,
    "pct3ResTime" : 4348.0,
    "throughput" : 0.9727626459143969,
    "receivedKBytesPerSec" : 32.840048942120625,
    "sentKBytesPerSec" : 0.23844084387159534
  },
  "ArchivePageHTTP Request-0" : {
    "transaction" : "ArchivePageHTTP Request-0",
    "sampleCount" : 5,
    "errorCount" : 0,
    "errorPct" : 0.0,
    "meanResTime" : 1245.8,
    "minResTime" : 1209.0,
    "maxResTime" : 1309.0,
    "pct1ResTime" : 1309.0,
    "pct2ResTime" : 1309.0,
    "pct3ResTime" : 1309.0,
    "throughput" : 1.5105740181268883,
    "receivedKBytesPerSec" : 1.3394543051359515,
    "sentKBytesPerSec" : 0.18882175226586104
  },
  "ArchivePageHTTP Request-1" : {
    "transaction" : "ArchivePageHTTP Request-1",
    "sampleCount" : 5,
    "errorCount" : 0,
    "errorPct" : 0.0,
    "meanResTime" : 1530.0,
    "minResTime" : 1484.0,
    "maxResTime" : 1584.0,
    "pct1ResTime" : 1584.0,
    "pct2ResTime" : 1584.0,
    "pct3ResTime" : 1584.0,
    "throughput" : 1.4100394811054708,
    "receivedKBytesPerSec" : 59.30620549562888,
    "sentKBytesPerSec" : 0.17763192681895093
  },
  "BooksPageHTTP Request" : {
    "transaction" : "BooksPageHTTP Request",
    "sampleCount" : 5,
    "errorCount" : 0,
    "errorPct" : 0.0,
    "meanResTime" : 2706.6,
    "minResTime" : 2437.0,
    "maxResTime" : 3396.0,
    "pct1ResTime" : 3396.0,
    "pct2ResTime" : 3396.0,
    "pct3ResTime" : 3396.0,
    "throughput" : 0.9798157946306093,
    "receivedKBytesPerSec" : 33.74125820595728,
    "sentKBytesPerSec" : 0.2650478272584754
  },
  "Total" : {
    "transaction" : "Total",
    "sampleCount" : 50,
    "errorCount" : 0,
    "errorPct" : 0.0,
    "meanResTime" : 2003.6200000000003,
    "minResTime" : 1209.0,
    "maxResTime" : 4348.0,
    "pct1ResTime" : 3037.2,
    "pct2ResTime" : 3373.45,
    "pct3ResTime" : 4348.0,
    "throughput" : 3.866079022655223,
    "receivedKBytesPerSec" : 106.80383092186655,
    "sentKBytesPerSec" : 0.6380540574499343
  },
  "ArchivePageHTTP Request" : {
    "transaction" : "ArchivePageHTTP Request",
    "sampleCount" : 5,
    "errorCount" : 0,
    "errorPct" : 0.0,
    "meanResTime" : 2776.2,
    "minResTime" : 2693.0,
    "maxResTime" : 2893.0,
    "pct1ResTime" : 2893.0,
    "pct2ResTime" : 2893.0,
    "pct3ResTime" : 2893.0,
    "throughput" : 1.0429703796412182,
    "receivedKBytesPerSec" : 44.79211481800167,
    "sentKBytesPerSec" : 0.26176112067167295
  },
  "BooksPageHTTP Request-0" : {
    "transaction" : "BooksPageHTTP Request-0",
    "sampleCount" : 5,
    "errorCount" : 0,
    "errorPct" : 0.0,
    "meanResTime" : 1362.6,
    "minResTime" : 1213.0,
    "maxResTime" : 1845.0,
    "pct1ResTime" : 1845.0,
    "pct2ResTime" : 1845.0,
    "pct3ResTime" : 1845.0,
    "throughput" : 1.4076576576576576,
    "receivedKBytesPerSec" : 1.2619430954391893,
    "sentKBytesPerSec" : 0.18970386402027026
  },
  "BooksPageHTTP Request-1" : {
    "transaction" : "BooksPageHTTP Request-1",
    "sampleCount" : 5,
    "errorCount" : 0,
    "errorPct" : 0.0,
    "meanResTime" : 1344.2,
    "minResTime" : 1213.0,
    "maxResTime" : 1552.0,
    "pct1ResTime" : 1552.0,
    "pct2ResTime" : 1552.0,
    "pct3ResTime" : 1552.0,
    "throughput" : 1.288992008249549,
    "receivedKBytesPerSec" : 43.23259055168858,
    "sentKBytesPerSec" : 0.1749705948698118
  },
  "AboutPageHTTP Request-1" : {
    "transaction" : "AboutPageHTTP Request-1",
    "sampleCount" : 5,
    "errorCount" : 0,
    "errorPct" : 0.0,
    "meanResTime" : 1909.2,
    "minResTime" : 1372.0,
    "maxResTime" : 3021.0,
    "pct1ResTime" : 3021.0,
    "pct2ResTime" : 3021.0,
    "pct3ResTime" : 3021.0,
    "throughput" : 1.3473457289140394,
    "receivedKBytesPerSec" : 44.233202388170305,
    "sentKBytesPerSec" : 0.1657866814874697
  },
  "AboutPageHTTP Request-0" : {
    "transaction" : "AboutPageHTTP Request-0",
    "sampleCount" : 5,
    "errorCount" : 0,
    "errorPct" : 0.0,
    "meanResTime" : 1386.4,
    "minResTime" : 1237.0,
    "maxResTime" : 1602.0,
    "pct1ResTime" : 1602.0,
    "pct2ResTime" : 1602.0,
    "pct3ResTime" : 1602.0,
    "throughput" : 1.5455950540958268,
    "receivedKBytesPerSec" : 1.4369204018547141,
    "sentKBytesPerSec" : 0.188671271251932
  }
}